{
    "center": [
        2.3900695319695956e-05,
        0.9660444683979004,
        9.054803351140765e-08
    ],
    "extents": [
        0.5665903739618798,
        1.9322563592637194,
        0.5677235151008584
    ],
    "scale": [
        0.132,
        0.132,
        0.132
    ],
    "target_pose": [
        [
            [
                1.0,
                0.0,
                0.0,
                0.0
            ],
            [
                0.0,
                1.0,
                0.0,
                0.9493097435267883
            ],
            [
                0.0,
                0.0,
                1.0,
                0.0
            ],
            [
                0.0,
                0.0,
                0.0,
                1.0
            ]
        ]
    ],
    "contact_points_pose": [
        [
            [
                6.123233995736766e-17,
                -1.0,
                0.0,
                0.0
            ],
            [
                1.0,
                6.123233995736766e-17,
                0.0,
                0.9493097435267883
            ],
            [
                0.0,
                0.0,
                1.0,
                0.0
            ],
            [
                0.0,
                0.0,
                0.0,
                1.0
            ]
        ],
        [
            [
                6.123233995736766e-17,
                -6.123233995736766e-17,
                1.0,
                0.0
            ],
            [
                1.0,
                3.749399456654644e-33,
                -6.123233995736766e-17,
                0.9493097435267883
            ],
            [
                0.0,
                1.0,
                6.123233995736766e-17,
                0.0
            ],
            [
                0.0,
                0.0,
                0.0,
                1.0
            ]
        ],
        [
            [
                6.123233995736766e-17,
                1.0,
                1.2246467991473532e-16,
                0.0
            ],
            [
                1.0,
                -6.123233995736766e-17,
                -7.498798913309288e-33,
                0.9493097435267883
            ],
            [
                0.0,
                1.2246467991473532e-16,
                -1.0,
                0.0
            ],
            [
                0.0,
                0.0,
                0.0,
                1.0
            ]
        ],
        [
            [
                6.123233995736766e-17,
                -6.123233995736766e-17,
                -1.0,
                0.0
            ],
            [
                1.0,
                3.749399456654644e-33,
                6.123233995736766e-17,
                0.9493097435267883
            ],
            [
                0.0,
                -1.0,
                6.123233995736766e-17,
                0.0
            ],
            [
                0.0,
                0.0,
                0.0,
                1.0
            ]
        ]
    ],
    "transform_matrix": [
        [
            1.0,
            0.0,
            0.0,
            0.0
        ],
        [
            0.0,
            1.0,
            0.0,
            0.0
        ],
        [
            -0.0,
            0.0,
            1.0,
            0.0
        ],
        [
            0.0,
            0.0,
            0.0,
            1.0
        ]
    ],
    "functional_matrix": [
        [
            [
                1.0,
                0.0,
                0.0,
                0.0
            ],
            [
                0.0,
                6.123233995736766e-17,
                -1.0,
                0.9493097435267883
            ],
            [
                0.0,
                1.0,
                6.123233995736766e-17,
                0.0
            ],
            [
                0.0,
                0.0,
                0.0,
                1.0
            ]
        ]
    ],
    "orientation_point": [
        [
            1.0,
            0.0,
            0.0,
            0.0
        ],
        [
            0.0,
            1.0,
            0.0,
            1.8986194870535766
        ],
        [
            0.0,
            0.0,
            1.0,
            0.0
        ],
        [
            0.0,
            0.0,
            0.0,
            1.0
        ]
    ],
    "contact_points_group": [
        [
            0,
            1,
            2,
            3,
            4,
            5,
            6,
            7
        ]
    ],
    "contact_points_mask": [
        true
    ],
    "contact_points_discription": [
        "Grasping the side of the bottle.",
        "Grasping the side of the bottle.",
        "Grasping the side of the bottle.",
        "Grasping the side of the bottle."
    ],
    "target_point_discription": [
        "The center of the bottle."
    ],
    "functional_point_discription": [
        "Point 0: The center of the bottle and the functional axis is vertical and the bottom of the bottle is downward."
    ],
    "stable": false
}