{
    "center": [
        -4.7426736995411276e-05,
        0.7812607809551178,
        -0.0003101230382100913
    ],
    "extents": [
        0.5838448917003147,
        1.562838530920469,
        0.5780548018584378
    ],
    "scale": [
        0.132,
        0.132,
        0.132
    ],
    "target_pose": [
        [
            [
                1.0,
                0.0,
                0.0,
                0.0
            ],
            [
                0.0,
                1.0,
                0.0,
                0.7682678360422976
            ],
            [
                0.0,
                0.0,
                1.0,
                0.0
            ],
            [
                0.0,
                0.0,
                0.0,
                1.0
            ]
        ]
    ],
    "contact_points_pose": [
        [
            [
                6.123233995736766e-17,
                -1.0,
                0.0,
                0.0
            ],
            [
                1.0,
                6.123233995736766e-17,
                0.0,
                0.9182678360422977
            ],
            [
                0.0,
                0.0,
                1.0,
                0.0
            ],
            [
                0.0,
                0.0,
                0.0,
                1.0
            ]
        ],
        [
            [
                6.123233995736766e-17,
                -6.123233995736766e-17,
                1.0,
                0.0
            ],
            [
                1.0,
                3.749399456654644e-33,
                -6.123233995736766e-17,
                0.9182678360422977
            ],
            [
                0.0,
                1.0,
                6.123233995736766e-17,
                0.0
            ],
            [
                0.0,
                0.0,
                0.0,
                1.0
            ]
        ],
        [
            [
                6.123233995736766e-17,
                1.0,
                1.2246467991473532e-16,
                0.0
            ],
            [
                1.0,
                -6.123233995736766e-17,
                -7.498798913309288e-33,
                0.9182678360422977
            ],
            [
                0.0,
                1.2246467991473532e-16,
                -1.0,
                0.0
            ],
            [
                0.0,
                0.0,
                0.0,
                1.0
            ]
        ],
        [
            [
                6.123233995736766e-17,
                -6.123233995736766e-17,
                -1.0,
                0.0
            ],
            [
                1.0,
                3.749399456654644e-33,
                6.123233995736766e-17,
                0.9182678360422977
            ],
            [
                0.0,
                -1.0,
                6.123233995736766e-17,
                0.0
            ],
            [
                0.0,
                0.0,
                0.0,
                1.0
            ]
        ],
        [
            [
                6.123233995736766e-17,
                -0.7071067811865476,
                0.7071067811865475,
                0.0
            ],
            [
                1.0,
                4.329780281177467e-17,
                -4.329780281177466e-17,
                0.9182678360422977
            ],
            [
                0.0,
                0.7071067811865475,
                0.7071067811865476,
                0.0
            ],
            [
                0.0,
                0.0,
                0.0,
                1.0
            ]
        ],
        [
            [
                6.123233995736766e-17,
                0.7071067811865475,
                0.7071067811865476,
                0.0
            ],
            [
                1.0,
                -4.329780281177466e-17,
                -4.329780281177467e-17,
                0.9182678360422977
            ],
            [
                0.0,
                0.7071067811865476,
                -0.7071067811865475,
                0.0
            ],
            [
                0.0,
                0.0,
                0.0,
                1.0
            ]
        ],
        [
            [
                6.123233995736766e-17,
                0.7071067811865475,
                -0.7071067811865476,
                0.0
            ],
            [
                1.0,
                -4.329780281177466e-17,
                4.329780281177467e-17,
                0.9182678360422977
            ],
            [
                0.0,
                -0.7071067811865476,
                -0.7071067811865475,
                0.0
            ],
            [
                0.0,
                0.0,
                0.0,
                1.0
            ]
        ],
        [
            [
                6.123233995736766e-17,
                -0.7071067811865476,
                -0.7071067811865475,
                0.0
            ],
            [
                1.0,
                4.329780281177467e-17,
                4.329780281177466e-17,
                0.9182678360422977
            ],
            [
                0.0,
                -0.7071067811865475,
                0.7071067811865476,
                0.0
            ],
            [
                0.0,
                0.0,
                0.0,
                1.0
            ]
        ]
    ],
    "transform_matrix": [
        [
            1.0,
            0.0,
            0.0,
            0.0
        ],
        [
            0.0,
            1.0,
            0.0,
            0.0
        ],
        [
            -0.0,
            0.0,
            1.0,
            0.0
        ],
        [
            0.0,
            0.0,
            0.0,
            1.0
        ]
    ],
    "functional_matrix": [
        [
            [
                1.0,
                0.0,
                0.0,
                0.0
            ],
            [
                0.0,
                6.123233995736766e-17,
                -1.0,
                0.7682678360422976
            ],
            [
                0.0,
                1.0,
                6.123233995736766e-17,
                0.0
            ],
            [
                0.0,
                0.0,
                0.0,
                1.0
            ]
        ]
    ],
    "orientation_point": [
        [
            1.0,
            0.0,
            0.0,
            0.0
        ],
        [
            0.0,
            1.0,
            0.0,
            1.5365356720845953
        ],
        [
            0.0,
            0.0,
            1.0,
            0.0
        ],
        [
            0.0,
            0.0,
            0.0,
            1.0
        ]
    ],
    "contact_points_group": [
        [
            0,
            1,
            2,
            3,
            4,
            5,
            6,
            7
        ]
    ],
    "contact_points_mask": [
        true
    ],
    "contact_points_discription": [
        "Grasping the side of the bottle.",
        "Grasping the side of the bottle.",
        "Grasping the side of the bottle.",
        "Grasping the side of the bottle.",
        "Grasping the side of the bottle.",
        "Grasping the side of the bottle.",
        "Grasping the side of the bottle.",
        "Grasping the side of the bottle."
    ],
    "target_point_discription": [
        "The center of the bottle."
    ],
    "functional_point_discription": [
        "Point 0: The center of the bottle and the functional axis is vertical and the bottom of the bottle is downward."
    ],
    "stable": false
}