{
    "center": [
        0.0002231323039376921,
        0.3892732316167695,
        -3.8683838046498295e-06
    ],
    "extents": [
        2.645261750760528,
        0.8013541316578391,
        2.6447942067624224
    ],
    "scale": [
        0.0632,
        0.0632,
        0.0632
    ],
    "transform_matrix": [
        [
            1.0,
            0.0,
            0.0,
            0.0
        ],
        [
            0.0,
            1.0,
            0.0,
            0.0
        ],
        [
            0.0,
            0.0,
            1.0,
            0.0
        ],
        [
            0.0,
            0.0,
            0.0,
            1.0
        ]
    ],
    "target_pose": [],
    "contact_points_pose": [
        [
            [
                1.0,
                0.0,
                0.0,
                0.06667999923229218
            ],
            [
                0.0,
                1.0,
                -0.0,
                0.7097200155258179
            ],
            [
                0.0,
                0.0,
                1.0,
                -0.9195399880409241
            ],
            [
                0.0,
                0.0,
                0.0,
                1.0
            ]
        ],
        [
            [
                -1.0,
                0.0,
                0.0,
                0.06667999923229218
            ],
            [
                0.0,
                1.0,
                -0.0,
                0.7097200155258179
            ],
            [
                0.0,
                -0.0,
                -1.0,
                -0.9195399880409241
            ],
            [
                0.0,
                0.0,
                0.0,
                1.0
            ]
        ],
        [
            [
                1.0,
                0.0,
                0.0,
                -0.008410000242292881
            ],
            [
                0.0,
                1.0,
                -0.0,
                0.7263299822807312
            ],
            [
                0.0,
                0.0,
                1.0,
                0.9088699817657471
            ],
            [
                0.0,
                0.0,
                0.0,
                1.0
            ]
        ],
        [
            [
                -1.0,
                0.0,
                0.0,
                -0.008410000242292881
            ],
            [
                0.0,
                1.0,
                -0.0,
                0.7263299822807312
            ],
            [
                0.0,
                -0.0,
                -1.0,
                0.9088699817657471
            ],
            [
                0.0,
                0.0,
                0.0,
                1.0
            ]
        ],
        [
            [
                0.0,
                -0.0,
                -1.0,
                0.9376500248908997
            ],
            [
                0.0,
                1.0,
                -0.0,
                0.6591799855232239
            ],
            [
                1.0,
                -0.0,
                -0.0,
                0.06676000356674194
            ],
            [
                0.0,
                0.0,
                0.0,
                1.0
            ]
        ],
        [
            [
                0.0,
                0.0,
                1.0,
                0.9376500248908997
            ],
            [
                -0.0,
                1.0,
                0.0,
                0.6591799855232239
            ],
            [
                -1.0,
                -0.0,
                0.0,
                0.06676000356674194
            ],
            [
                0.0,
                0.0,
                0.0,
                1.0
            ]
        ],
        [
            [
                0.0,
                -0.0,
                -1.0,
                -0.9407899975776672
            ],
            [
                0.0,
                1.0,
                -0.0,
                0.7400599718093872
            ],
            [
                1.0,
                0.0,
                0.0,
                -0.09040000289678574
            ],
            [
                0.0,
                0.0,
                0.0,
                1.0
            ]
        ],
        [
            [
                0.0,
                -0.0,
                1.0,
                -0.9407899975776672
            ],
            [
                0.0,
                1.0,
                0.0,
                0.7400599718093872
            ],
            [
                -1.0,
                0.0,
                -0.0,
                -0.09040000289678574
            ],
            [
                0.0,
                0.0,
                0.0,
                1.0
            ]
        ]
    ],
    "functional_matrix": [
        [
            [
                1.0,
                0.0,
                0.0,
                0.0
            ],
            [
                0.0,
                -0.0003499999875202775,
                -1.0,
                0.0
            ],
            [
                0.0,
                1.0,
                -0.0003499999875202775,
                0.0
            ],
            [
                0.0,
                0.0,
                0.0,
                1.0
            ]
        ]
    ],
    "orientation_point": [],
    "contact_points_group": [
        [
            0,
            1
        ],
        [
            2,
            3
        ],
        [
            4,
            5
        ],
        [
            6,
            7
        ]
    ],
    "contact_points_mask": [
        true,
        true,
        true,
        true
    ],
    "target_point_discription": [],
    "contact_points_discription": [],
    "functional_point_discription": [],
    "orientation_point_discription": [],
    "stable": true
}