{
    "center": [
        0.0002376740286050387,
        0.5205945649752389,
        -1.953534799195735e-05
    ],
    "extents": [
        3.584042369200504,
        1.041201618810615,
        3.57858062936553
    ],
    "scale": [
        0.05,
        0.05,
        0.05
    ],
    "target_pose": [
        [
            [
                1.0,
                0.0,
                0.0,
                0.0
            ],
            [
                0.0,
                1.0,
                0.0,
                0.0
            ],
            [
                0.0,
                0.0,
                1.0,
                0.0
            ],
            [
                0.0,
                0.0,
                0.0,
                1.0
            ]
        ]
    ],
    "contact_points_pose": [
        [
            [
                1.0,
                0.0,
                0.0,
                0.0
            ],
            [
                0.0,
                1.0,
                0.0,
                1.0004010398678171
            ],
            [
                0.0,
                0.0,
                1.0,
                1.320359291496935
            ],
            [
                0.0,
                0.0,
                0.0,
                1.0
            ]
        ],
        [
            [
                -1.0,
                0.0,
                1.2246467991473532e-16,
                0.0
            ],
            [
                0.0,
                1.0,
                0.0,
                1.0004010398678171
            ],
            [
                -1.2246467991473532e-16,
                0.0,
                -1.0,
                1.320359291496935
            ],
            [
                0.0,
                0.0,
                0.0,
                1.0
            ]
        ],
        [
            [
                1.0,
                0.0,
                0.0,
                0.0
            ],
            [
                0.0,
                1.0,
                0.0,
                1.0004010398678171
            ],
            [
                0.0,
                0.0,
                1.0,
                -1.320359291496935
            ],
            [
                0.0,
                0.0,
                0.0,
                1.0
            ]
        ],
        [
            [
                -1.0,
                0.0,
                1.2246467991473532e-16,
                0.0
            ],
            [
                0.0,
                1.0,
                0.0,
                1.0004010398678171
            ],
            [
                -1.2246467991473532e-16,
                0.0,
                -1.0,
                -1.320359291496935
            ],
            [
                0.0,
                0.0,
                0.0,
                1.0
            ]
        ]
    ],
    "transform_matrix": [
        [
            1.0,
            0.0,
            0.0,
            0.0
        ],
        [
            0.0,
            1.0,
            0.0,
            0.0
        ],
        [
            -0.0,
            0.0,
            1.0,
            0.0
        ],
        [
            0.0,
            0.0,
            0.0,
            1.0
        ]
    ],
    "functional_matrix": [
        [
            [
                1.0,
                0.0,
                0.0,
                0.0
            ],
            [
                0.0,
                6.123233995736766e-17,
                -1.0,
                0.0
            ],
            [
                0.0,
                1.0,
                6.123233995736766e-17,
                0.0
            ],
            [
                0.0,
                0.0,
                0.0,
                1.0
            ]
        ]
    ],
    "orientation_point": [],
    "contact_points_group": [
        [
            0,
            1
        ],
        [
            2,
            3
        ]
    ],
    "contact_points_mask": [
        true,
        true
    ],
    "contact_points_discription": [
        "Grasping the side of the container.",
        "Grasping the side of the container.",
        "Grasping the side of the container.",
        "Grasping the side of the container."
    ],
    "target_point_discription": [
        "The center point on the bottom of the container."
    ],
    "functional_point_discription": [
        ""
    ],
    "orientation_point_discription": [
        ""
    ],
    "stable": true
}