{
    "center": [
        0.00042009347417894526,
        0.3799067453031472,
        -0.001760903331775163
    ],
    "extents": [
        2.702872376229817,
        0.7808033497467175,
        2.702844506888718
    ],
    "scale": [
        0.0632,
        0.0632,
        0.0632
    ],
    "transform_matrix": [
        [
            1.0,
            0.0,
            0.0,
            0.0
        ],
        [
            0.0,
            1.0,
            0.0,
            0.0
        ],
        [
            0.0,
            0.0,
            1.0,
            0.0
        ],
        [
            0.0,
            0.0,
            0.0,
            1.0
        ]
    ],
    "target_pose": [],
    "contact_points_pose": [
        [
            [
                1.0,
                0.0,
                0.0,
                0.06667999923229218
            ],
            [
                0.0,
                1.0,
                -0.0,
                0.7097200155258179
            ],
            [
                0.0,
                0.0,
                1.0,
                -0.9195399880409241
            ],
            [
                0.0,
                0.0,
                0.0,
                1.0
            ]
        ],
        [
            [
                -1.0,
                0.0,
                0.0,
                0.06667999923229218
            ],
            [
                0.0,
                1.0,
                -0.0,
                0.7097200155258179
            ],
            [
                0.0,
                -0.0,
                -1.0,
                -0.9195399880409241
            ],
            [
                0.0,
                0.0,
                0.0,
                1.0
            ]
        ],
        [
            [
                1.0,
                0.0,
                0.0,
                -0.008410000242292881
            ],
            [
                0.0,
                1.0,
                -0.0,
                0.7263299822807312
            ],
            [
                0.0,
                0.0,
                1.0,
                0.9088699817657471
            ],
            [
                0.0,
                0.0,
                0.0,
                1.0
            ]
        ],
        [
            [
                -1.0,
                0.0,
                0.0,
                -0.008410000242292881
            ],
            [
                0.0,
                1.0,
                -0.0,
                0.7263299822807312
            ],
            [
                0.0,
                -0.0,
                -1.0,
                0.9088699817657471
            ],
            [
                0.0,
                0.0,
                0.0,
                1.0
            ]
        ],
        [
            [
                -0.0004900000058114529,
                -0.0,
                -1.0,
                0.8906400203704834
            ],
            [
                0.0,
                1.0,
                -0.0,
                0.7617200016975403
            ],
            [
                1.0,
                -0.0,
                -0.0004900000058114529,
                -0.07248000055551529
            ],
            [
                0.0,
                0.0,
                0.0,
                1.0
            ]
        ],
        [
            [
                0.0004900000058114529,
                -0.0,
                1.0,
                0.8906400203704834
            ],
            [
                -0.0,
                1.0,
                0.0,
                0.7617200016975403
            ],
            [
                -1.0,
                -0.0,
                0.0004900000058114529,
                -0.07248000055551529
            ],
            [
                0.0,
                0.0,
                0.0,
                1.0
            ]
        ],
        [
            [
                0.0,
                -0.0,
                -1.0,
                -0.9662600159645081
            ],
            [
                0.0,
                1.0,
                -0.0,
                0.6912299990653992
            ],
            [
                1.0,
                -0.0,
                -0.0,
                0.05034999921917915
            ],
            [
                0.0,
                0.0,
                0.0,
                1.0
            ]
        ],
        [
            [
                0.0,
                0.0,
                1.0,
                -0.9662600159645081
            ],
            [
                -0.0,
                1.0,
                0.0,
                0.6912299990653992
            ],
            [
                -1.0,
                -0.0,
                0.0,
                0.05034999921917915
            ],
            [
                0.0,
                0.0,
                0.0,
                1.0
            ]
        ]
    ],
    "functional_matrix": [
        [
            [
                1.0,
                0.0,
                0.0,
                0.0
            ],
            [
                0.0,
                0.0,
                -1.0,
                0.0
            ],
            [
                0.0,
                1.0,
                0.0,
                0.0
            ],
            [
                0.0,
                0.0,
                0.0,
                1.0
            ]
        ]
    ],
    "orientation_point": [],
    "contact_points_group": [
        [
            0,
            1
        ],
        [
            2,
            3
        ],
        [
            4,
            5
        ],
        [
            6,
            7
        ]
    ],
    "contact_points_mask": [
        true,
        true,
        true,
        true
    ],
    "target_point_discription": [],
    "contact_points_discription": [],
    "functional_point_discription": [],
    "orientation_point_discription": [],
    "stable": true
}