{
    "center": [
        2.3601163290374267e-05,
        0.5194922689864314,
        0.0004315720534880012
    ],
    "extents": [
        2.434335656725262,
        1.042760138010482,
        2.431086024812204
    ],
    "scale": [
        0.047,
        0.047,
        0.047
    ],
    "target_pose": [
        [
            [
                1.0,
                0.0,
                0.0,
                0.0
            ],
            [
                0.0,
                1.0,
                0.0,
                0.0
            ],
            [
                0.0,
                0.0,
                1.0,
                0.0
            ],
            [
                0.0,
                0.0,
                0.0,
                1.0
            ]
        ]
    ],
    "contact_points_pose": [
        [
            [
                1.0,
                0.0,
                0.0,
                0.0
            ],
            [
                0.0,
                1.0,
                0.0,
                1.002473648411589
            ],
            [
                0.0,
                0.0,
                1.0,
                1.1838497105370624
            ],
            [
                0.0,
                0.0,
                0.0,
                1.0
            ]
        ],
        [
            [
                -1.0,
                0.0,
                1.2246467991473532e-16,
                0.0
            ],
            [
                0.0,
                1.0,
                0.0,
                1.002473648411589
            ],
            [
                -1.2246467991473532e-16,
                0.0,
                -1.0,
                1.1838497105370624
            ],
            [
                0.0,
                0.0,
                0.0,
                1.0
            ]
        ],
        [
            [
                1.0,
                0.0,
                0.0,
                0.0
            ],
            [
                0.0,
                1.0,
                0.0,
                1.002473648411589
            ],
            [
                0.0,
                0.0,
                1.0,
                -1.1838497105370624
            ],
            [
                0.0,
                0.0,
                0.0,
                1.0
            ]
        ],
        [
            [
                -1.0,
                0.0,
                1.2246467991473532e-16,
                0.0
            ],
            [
                0.0,
                1.0,
                0.0,
                1.002473648411589
            ],
            [
                -1.2246467991473532e-16,
                0.0,
                -1.0,
                -1.1838497105370624
            ],
            [
                0.0,
                0.0,
                0.0,
                1.0
            ]
        ]
    ],
    "transform_matrix": [
        [
            1.0,
            0.0,
            0.0,
            0.0
        ],
        [
            0.0,
            1.0,
            0.0,
            0.0
        ],
        [
            -0.0,
            0.0,
            1.0,
            0.0
        ],
        [
            0.0,
            0.0,
            0.0,
            1.0
        ]
    ],
    "functional_matrix": [
        [
            [
                1.0,
                0.0,
                0.0,
                0.0
            ],
            [
                0.0,
                6.123233995736766e-17,
                -1.0,
                0.0
            ],
            [
                0.0,
                1.0,
                6.123233995736766e-17,
                0.0
            ],
            [
                0.0,
                0.0,
                0.0,
                1.0
            ]
        ]
    ],
    "orientation_point": [],
    "contact_points_group": [
        [
            0,
            1
        ],
        [
            2,
            3
        ]
    ],
    "contact_points_mask": [
        true,
        true
    ],
    "contact_points_discription": [
        "Grasping the side of the container.",
        "Grasping the side of the container.",
        "Grasping the side of the container.",
        "Grasping the side of the container."
    ],
    "target_point_discription": [
        "The center point on the bottom of the container."
    ],
    "functional_point_discription": [
        ""
    ],
    "orientation_point_discription": [
        ""
    ],
    "stable": true
}