{
    "center": [
        0.00030482045026378966,
        0.5168932198969577,
        0.00030307738784513243
    ],
    "extents": [
        2.638065154377282,
        1.0356066025111277,
        2.6383447138403975
    ],
    "scale": [
        0.049,
        0.049,
        0.049
    ],
    "target_pose": [
        [
            [
                1.0,
                0.0,
                0.0,
                0.0
            ],
            [
                0.0,
                1.0,
                0.0,
                0.0
            ],
            [
                0.0,
                0.0,
                1.0,
                0.0
            ],
            [
                0.0,
                0.0,
                0.0,
                1.0
            ]
        ]
    ],
    "contact_points_pose": [
        [
            [
                1.0,
                0.0,
                0.0,
                0.0
            ],
            [
                0.0,
                1.0,
                0.0,
                1.0663291145000318
            ],
            [
                0.0,
                0.0,
                1.0,
                1.215415232843897
            ],
            [
                0.0,
                0.0,
                0.0,
                1.0
            ]
        ],
        [
            [
                -1.0,
                0.0,
                1.2246467991473532e-16,
                0.0
            ],
            [
                0.0,
                1.0,
                0.0,
                1.0663291145000318
            ],
            [
                -1.2246467991473532e-16,
                0.0,
                -1.0,
                1.215415232843897
            ],
            [
                0.0,
                0.0,
                0.0,
                1.0
            ]
        ],
        [
            [
                1.0,
                0.0,
                0.0,
                0.0
            ],
            [
                0.0,
                1.0,
                0.0,
                1.0663291145000318
            ],
            [
                0.0,
                0.0,
                1.0,
                -1.215415232843897
            ],
            [
                0.0,
                0.0,
                0.0,
                1.0
            ]
        ],
        [
            [
                -1.0,
                0.0,
                1.2246467991473532e-16,
                0.0
            ],
            [
                0.0,
                1.0,
                0.0,
                1.0663291145000318
            ],
            [
                -1.2246467991473532e-16,
                0.0,
                -1.0,
                -1.215415232843897
            ],
            [
                0.0,
                0.0,
                0.0,
                1.0
            ]
        ]
    ],
    "transform_matrix": [
        [
            1.0,
            0.0,
            0.0,
            0.0
        ],
        [
            0.0,
            1.0,
            0.0,
            0.0
        ],
        [
            -0.0,
            0.0,
            1.0,
            0.0
        ],
        [
            0.0,
            0.0,
            0.0,
            1.0
        ]
    ],
    "functional_matrix": [
        [
            [
                1.0,
                0.0,
                0.0,
                0.0
            ],
            [
                0.0,
                6.123233995736766e-17,
                -1.0,
                0.0
            ],
            [
                0.0,
                1.0,
                6.123233995736766e-17,
                0.0
            ],
            [
                0.0,
                0.0,
                0.0,
                1.0
            ]
        ]
    ],
    "orientation_point": [],
    "contact_points_group": [
        [
            0,
            1
        ],
        [
            2,
            3
        ]
    ],
    "contact_points_mask": [
        true,
        true
    ],
    "contact_points_discription": [
        "Grasping the side of the container.",
        "Grasping the side of the container.",
        "Grasping the side of the container.",
        "Grasping the side of the container."
    ],
    "target_point_discription": [
        "The center point on the bottom of the container."
    ],
    "functional_point_discription": [
        ""
    ],
    "orientation_point_discription": [
        ""
    ],
    "stable": true
}